46b510e161423a7e626adc3d95440f44,Microsoft Visual C++ v5.0/v6.0 (MFC),1111,0
1103c897ed2979339774f48ff47c0203,Microsoft Visual C++ v5.0/v6.0 (MFC),1111,0
1835b8c9ed56ca729ad664e4c1725b1c,unknown,0,0
da301519b87e8b796ece22b3f4c13429,BobSoft Mini Delphi -> BoB / BobSoft,317,0
579659363281e349a93adfe5cfadf320,Microsoft Visual C++ 8,1101,0
3d91f9da7b6ddd05f7fc3e6854ba51b9,Microsoft Visual C++ 8,1101,0
344f8b5a063b8ea9bb7b857c88846e49,Microsoft Visual C++ 8,1101,0
d4b0554e0f2e41c8fc5a954cd10bdc8c,Microsoft Visual C++ 8,1101,0
3d86c407c61c1c241ebe343574732bab,unknown,0,0
afeca052db9266bcdeb97d6f2a61a5e9,'DOS Header magic not found.',0,0
79b46831edc60b8895bd2bfa9eecd62e,unknown,0,0
ee7cbb0780566ba538d81510bdd4bdab,UPX 2.90 (LZMA),2434,0
ba251cd16eb5f6b16efbdd65f28eafc2,'DOS Header magic not found.',0,0
2d64e4734c285e733042a8e006d75921,unknown,0,0
100dad48224a439b7563256a61299624,BobSoft Mini Delphi -> BoB / BobSoft,317,0
f7d8e338a110b8864d19574bee4c2558,BobSoft Mini Delphi -> BoB / BobSoft,317,0
ef18a320072ab2ca58418a94d9a20bf2,unknown,0,0
7d03f1d4bcf044d44dec7396e750bef9,Microsoft Visual C++ 8,1101,0
9d03b0c2f333fb339e4e47359af759ef,unknown,0,0
415f30ebd0d8a13a2ad8d0ca23213561,Microsoft Visual C++ 8,1101,0
cfc0edd3346d0faf662ccec67a36a8f6,Microsoft Visual C++ 8,1101,0
10ec5fe6cc0b87cffb2b016ec90a2c5d,BobSoft Mini Delphi -> BoB / BobSoft,317,0
c5d10c459e426cf64aa89323a50852c1,Microsoft Visual Basic v5.0/v6.0,1060,0
0c635bf0b7290aa4b44270be6ed6ce15,Microsoft Visual C++ v5.0/v6.0 (MFC),1111,0
b01e98a8caf65043230141a739c680df,Microsoft Visual Basic v5.0/v6.0,1060,0
581bec60bae6ed63e16b8dc360bb6e94,BobSoft Mini Delphi -> BoB / BobSoft,317,0
4eacbcc3f7d47005e053c11ba341f014,unknown,0,0
120361d28b7573ff5878783f21bda48f,unknown,0,0
f0b6e73da96de61b379044f8c482a8c3,unknown,0,0
93df6edb56a88241f1c9306a49bd90ba,BobSoft Mini Delphi -> BoB / BobSoft,317,0
587c880595636d49f1d830a3b7ed4ac1,BobSoft Mini Delphi -> BoB / BobSoft,317,0
ea2d93dd9daecde78c363ae7099f3b43,Microsoft Visual C++ 8,1101,0
a9aade79299f4444aef4fac9c725c566,unknown,0,0
4e4c4a6cec90c1bb4a5a72b86f09a248,Microsoft Visual C++ v5.0/v6.0 (MFC),1111,0
5e7fa3f2e81b4750fbbce70558984771,Microsoft Visual Basic v5.0/v6.0,1060,0
650a711274b653f846304d730ce65e90,BobSoft Mini Delphi -> BoB / BobSoft,317,0
f580275bb13f945351e1a86cb527c5d4,Microsoft Visual C++ 8,1101,0
a8330c4cf56a67e23aebe33fbae3ed51,Microsoft Visual Basic v5.0/v6.0,1060,0
fa9a270bcadb79e518baf9948957a827,unknown,0,0
1fc0099e5aece09e84962b27a6861132,Microsoft Visual Basic v5.0/v6.0,1060,0
7824904343ac9bd057e96b44fd1b58b5,BobSoft Mini Delphi -> BoB / BobSoft,317,0
b74c07855517873e7effe28a4301f815,'DOS Header magic not found.',0,0
678dd3b8265d077936247b0925f1ea48,BobSoft Mini Delphi -> BoB / BobSoft,317,0
660680493263411cfc8aca3ae7e145f9,Microsoft Visual C++ 8,1101,0
94b6dbbbb8503da12a30a7ec35c78a43,BobSoft Mini Delphi -> BoB / BobSoft,317,0
deb60a75f5bfbcac694e98324baece9f,unknown,0,0
cd15261f28b8fc08ed07784845542a09,Microsoft Visual Basic v5.0/v6.0,1060,0
16f74a6f9a4cd48b879fb122ab67665e,Microsoft Visual C++ 8,1101,0
81486105e43977051f905bd7d3afa90d,unknown,0,0
76781b33ccb560619f377bae163dc8b4,BobSoft Mini Delphi -> BoB / BobSoft,317,0
