file_name,malware_type_x,sample_label,family_name,family_label
001dd76872d80801692ff942308c64e6,Trojan:Win32/Sluegot.D,5992,Win32.Trojan.Sluegot,2057
002325a0a67fded0381b5648d7fe9b8e,Trojan:Win32/Sluegot.C,5993,Win32.Trojan.Sluegot,2057
00dbb9e1c09dbdafb360f3163ba5a3de,Backdoor:Win32/Stradatu,6005,Win32.Backdoor.Stradatu,2064
0149b7bd7218aab4e257d28469fddb0d,Trojan:Win32/Sluegot.A,6017,Win32.Trojan.Sluegot,2057
01e0dc079d4e33d8edd050c4900818da,Backdoor:Win32/Stradatu,6005,Win32.Backdoor.Stradatu,2064
02c65973b6018f5d473d701b3e7508b2,Backdoor:Win32/Jepesroot.A,6047,Win32.Backdoor.Jepesroot,2081
034374db2d35cf9da6558f54cec8a455,Trojan:Win32/Connapts,6053,Win32.Trojan.Connapts,2083
0496e3b17cf40c45f495188a368c203a,Backdoor:Win32/Warood.B,6080,Win32.Backdoor.Warood,2090
052ec04866e4a67f31845d656531830d,Trojan:Win32/Sluegot.C,5993,Win32.Trojan.Sluegot,2057
065e63afdfa539727f63af7530b22d2f,Trojan:Win32/Connapts,6053,Win32.Trojan.Connapts,2083
0908d8b3e459551039bade50930e4c1b,Backdoor:Win32/Noobot.A,6160,Win32.Backdoor.Noobot,2118
09531f851ef74a7238685fd287a395bd,Trojan:Win32/Connapts,6053,Win32.Trojan.Connapts,2083
097b5abb53a3d84fa9eabda02fef9e91,TrojanDownloader:Win32/Muntsib.A,6169,Win32.TrojanDownloader.Muntsib,2124
09d372e4259980ac95fdadf1846578d9,TrojanDownloader:Win32/Dielel.A,6176,Win32.TrojanDownloader.Dielel,2126
0b506c6dde8d07f9eeb82fd01a6f97d4,Backdoor:Win32/Ecltys.A,6188,Win32.Backdoor.Ecltys,2132
0b680e7bd5c0501d5dd73164122a7faf,Backdoor:Win32/Sharat.gen!A,6190,Win32.Backdoor.Sharat,2134
0c28ad34f90950bc784339ec9f50d288,Backdoor:Win32/Stradatu,6005,Win32.Backdoor.Stradatu,2064
0c5e9f564115bfcbee66377a829de55f,Trojan:Win32/Dynamer!dtc,48,Win32.Trojan.Dynamer,26
0ca6e2ad69826c8e3287fc8576112814,Trojan:Win32/Sisproc!gmb,410,Win32.Trojan.Sisproc,248
0cf9e999c574ec89595263446978dc9f,Backdoor:Win32/Tartober.A,6217,Win32.Backdoor.Tartober,2141
0d0240672a314a7547d328f824642da8,Backdoor:Win32/Pingbed.A,6218,Win32.Backdoor.Pingbed,2142
0dd3677594632ce270bcf8af94819caf,Backdoor:Win32/Xifos.A,6227,Win32.Backdoor.Xifos,2147
11504971bb85cdacb8ef7d45e6e2aeb7,Backdoor:Win32/Stradatu,6005,Win32.Backdoor.Stradatu,2064
120c2e085992ff59a21ba401ec29fec9,Trojan:Win32/Connapts,6053,Win32.Trojan.Connapts,2083
123505024f9e5ff74cb6aa67d7fcc392,Backdoor:Win32/Ecltys.A,6188,Win32.Backdoor.Ecltys,2132
12f25ce81596aeb19e75cc7ef08f3a38,Win.Trojan.Agent-30709,6300,Win.Trojan.Agent,41
1328eaceb140a3863951d18661b097af,Backdoor:Win32/Minaps.A,6308,Win32.Backdoor.Minaps,2168
13f0b56c28995e4efc8da784ad862853,Trojan:Win32/Connapts,6053,Win32.Trojan.Connapts,2083
1415eb8519d13328091cc5c76a624e3d,Trojan:Win32/Sluegot.A,6017,Win32.Trojan.Sluegot,2057
15244d2321faa3a271ff0b1e5a23148f,Trojan:Win32/Connapts,6053,Win32.Trojan.Connapts,2083
15901ddbccc5e9e0579fc5b42f754fe8,Backdoor:Win32/Bitsto.A,6338,Win32.Backdoor.Bitsto,2178
165ef79e7caa806f13f82cc2bbf3dedd,Trojan:Win32/Dynamer!dtc,48,Win32.Trojan.Dynamer,26
17199ddac616938f383a0339f416c890,Backdoor:Win32/Pingbed.A,6218,Win32.Backdoor.Pingbed,2142
173cd315008897e56fa812f2b2843f83,TrojanDownloader:Win32/Tooki.A,6359,Win32.TrojanDownloader.Tooki,2187
17f5a2e0997b59449ca2120b20b5b7ce,TrojanDownloader:Win32/Namsoth.B,6365,Win32.TrojanDownloader.Namsoth,2189
1a0c7e61bcc50d57b7bcf9d9af691de5,Backdoor:Win32/Pingbed.A,6218,Win32.Backdoor.Pingbed,2142
1c16bd1488163c03cd506c2f71486a0f,Trojan:Win32/Sluegot.A,6017,Win32.Trojan.Sluegot,2057
1ca3ca9ec20474d07fc798f2b41e2625,Trojan:Win32/Danginex,631,Win32.Trojan.Danginex,359
1ce4605e771a04e375e0d1083f183e8e,Backdoor:Win32/Likseput.A,6423,Win32.Backdoor.Likseput,2213
1e314c972075b8058099fd8759c11ce8,Backdoor:Win32/Touasper.A,6443,Win32.Backdoor.Touasper,2218
1e5ec6c06e4f6bb958dcbb9fc636009d,Trojan:Win32/Connapts,6053,Win32.Trojan.Connapts,2083
1ea61a0945bde3c6f41e12bc01928d37,TrojanDownloader:Win32/Dalbot.A,6448,Win32.TrojanDownloader.Dalbot,2220
1f2eb7b090018d975e6d9b40868c94ca,Backdoor:Win32/Neporoot.A,6452,Win32.Backdoor.Neporoot,2221
1f92ff8711716ca795fbd81c477e45f5,Backdoor:Win32/Likseput.B,6458,Win32.Backdoor.Likseput,2213
225e33508861984dd2a774760bfdfc52,Trojan:Win32/Orsam!rts,161,Win32.Trojan.Orsam,121
23059de2797774bbdd9b21f979aaec51,Trojan:Win32/Sisproc!gmb,410,Win32.Trojan.Sisproc,248
24259ae8b0018b0ce9992fb1d9b69e2a,Backdoor:Win32/Touasper.C,6512,Win32.Backdoor.Touasper,2218
2479a9a50308cb72fcd5e4e18ef06468,Trojan:Win32/Connapts,6053,Win32.Trojan.Connapts,2083
268988aa1df82ab073f527b5b6c8bff7,HackTool:Win32/Elsashes.A,6536,Win32.HackTool.Elsashes,2251
268eef019bf65b2987e945afaf29643f,Trojan:Win32/Connapts,6053,Win32.Trojan.Connapts,2083
270d42f292105951ee81e4085ea45054,Backdoor:Win32/Xifos.A,6227,Win32.Backdoor.Xifos,2147
277964807a66aeeb6bd81dbfcaa3e4e6,Trojan:Win32/Dynamer!dtc,48,Win32.Trojan.Dynamer,26
29c691978af80dc23c4df96b5f6076bb,Trojan:Win32/Connapts,6053,Win32.Trojan.Connapts,2083
2b659d71ae168e774faaf38db30f4a84,Trojan:Win32/Sluegot.A,6017,Win32.Trojan.Sluegot,2057
2ba0d0083976a5c1e3315413cdcffcd2,Backdoor:Win32/Neporoot.A,6452,Win32.Backdoor.Neporoot,2221
2bd02b41817d227058522cca40acd390,Backdoor:Win32/Noobot.A,6160,Win32.Backdoor.Noobot,2118
2c49f47c98203b110799ab622265f4ef,Backdoor:Win32/Warood.B,6080,Win32.Backdoor.Warood,2090
2daa4a4574ba06aa3203ae0e0b45b3b8,Backdoor:Win32/Minaps.A,6308,Win32.Backdoor.Minaps,2168
2dd892986b2249b5214639ecc8ac0223,Backdoor:Win32/Neporoot.A,6452,Win32.Backdoor.Neporoot,2221
2f930d92dc5ebc9d53ad2a2b451ebf65,Trojan:Win32/Sluegot.D,5992,Win32.Trojan.Sluegot,2057
2fccaa39533de02490b1c6395878dd79,Trojan:Win32/Connapts,6053,Win32.Trojan.Connapts,2083
30e78d186b27d2023a2a7319bb679c3f,Backdoor:Win32/Likseput.B,6458,Win32.Backdoor.Likseput,2213
3107de21e480ab1f2d67725f419b28d0,Backdoor:Win32/Ecltys.A,6188,Win32.Backdoor.Ecltys,2132
3120fc8630c5252002f26f6e11b09eca,Trojan:Win32/Connapts,6053,Win32.Trojan.Connapts,2083
31e5e58dbdfad05175613e795298ebb5,Backdoor:Win32/Stradatu,6005,Win32.Backdoor.Stradatu,2064
321d75c9990408db812e5a248a74f8c8,Backdoor:Win32/Stradatu,6005,Win32.Backdoor.Stradatu,2064
33de5067a433a6ec5c328067dc18ec37,Backdoor:Win32/Neporoot.A,6452,Win32.Backdoor.Neporoot,2221
36c0d3f109aede4d76b05431f8a64f9e,Backdoor:Win32/Likseput.A,6423,Win32.Backdoor.Likseput,2213
36cd49ad631e99125a3bb2786e405cea,Trojan:Win32/Barkiofork!dha,6730,Win32.Trojan.Barkiofork,2309
36d5c8fc4b14559f73b6136d85b94198,Trojan:Win32/Sluegot.A,6017,Win32.Trojan.Sluegot,2057
37ddd3d72ead03c7518f5d47650c8572,Trojan:Win32/Malex.gen!E,143,Win32.Trojan.Malex,106
37eee514b04167f8e17e2caa3bfd3049,Backdoor:Win32/Sharat.gen!A,6190,Win32.Backdoor.Sharat,2134
390d1f2a620912104f53c034c8aef14b,Trojan:Win32/Bumat!rts,834,Win32.Trojan.Bumat,446
3b1b190407b868406c5c155a79f3d146,Trojan:Win32/Ruce.gen!A,6773,Win32.Trojan.Ruce,2322
3c1b2fabb7d74bc5be0820eae4107f8a,TrojanDownloader:Win32/Govdi.A,6789,Win32.TrojanDownloader.Govdi,2328
3de1bd0f2107198931177b2b23877df4,Backdoor:Win32/Jabbroot.A,6808,Win32.Backdoor.Jabbroot,2333
3e69945e5865ccc861f69b24bc1166b6,Backdoor:Win32/Likseput.B,6458,Win32.Backdoor.Likseput,2213
3e6ed3ee47bce9946e2541332cb34c69,Backdoor:Win32/Likseput.B,6458,Win32.Backdoor.Likseput,2213
3e87051b1dc3463f378c7e1fe398dc7d,Trojan:Win32/Sluegot.C,5993,Win32.Trojan.Sluegot,2057
3f8682ab074a097ebbaadbf26dfff560,TrojanDownloader:Win32/Pingbed.A,6816,Win32.TrojanDownloader.Pingbed,2338
4192479b055b2b21cb7e6c803b765d34,TrojanDownloader:Win32/Small.XR,6839,Win32.TrojanDownloader.Small,241
41a5d40ecc735172b18b61e01a30a178,Trojan:Win32/Connapts,6053,Win32.Trojan.Connapts,2083
435991e0c67f0c0b4504355b6d4493f0,Backdoor:Win32/Likseput.B,6458,Win32.Backdoor.Likseput,2213
438983192903f3fecf77500a39459ee6,Backdoor:Win32/Tosct.A,6857,Win32.Backdoor.Tosct,2345
43b844c35e1a933e9214588be81ce772,Trojan:Win32/Connapts,6053,Win32.Trojan.Connapts,2083
44066f29aab6a9379f8dd30f6bec257d,TrojanDownloader:Win32/Govdi.A,6789,Win32.TrojanDownloader.Govdi,2328
468ff2c12cffc7e5b2fe0ee6bb3b239e,Backdoor:Win32/Touasper.B,6887,Win32.Backdoor.Touasper,2218
471005f73280264c48f769e1c21fbcc1,Backdoor:Win32/Likseput.B,6458,Win32.Backdoor.Likseput,2213
476fea8761a03bef16e322996c2f6666,Backdoor:Win32/Tartober.A,6217,Win32.Backdoor.Tartober,2141
47e7f92419eb4b98ff4124c3ca11b738,Trojan:Win32/Connapts,6053,Win32.Trojan.Connapts,2083
4a54d7878d4170c3d4e3c3606365c42c,Backdoor:Win32/Ecltys.A,6188,Win32.Backdoor.Ecltys,2132
4b19a2a6d40a5825e868c6ef25ae445e,TrojanDownloader:Win32/Pingbed.A,6816,Win32.TrojanDownloader.Pingbed,2338
4c6bddcca2695d6202df38708e14fc7e,Backdoor:Win32/Touasper.A,6443,Win32.Backdoor.Touasper,2218
4c858a80df0d6de5d69824c9502b65cf,Backdoor:Win32/Warood.B,6080,Win32.Backdoor.Warood,2090
4c9c9dbf388a8d81d8cfb4d3fc05f8e4,Trojan:Win32/Sluegot.A,6017,Win32.Trojan.Sluegot,2057
4cabfaef26fd8e5aec01d0c4b90a32f3,Trojan:Win32/Connapts,6053,Win32.Trojan.Connapts,2083
4e551abcd14506092a0f8d54a45f3569,Backdoor:Win32/Minaps.A,6308,Win32.Backdoor.Minaps,2168
4f763b07a7b8a80f1f9408e590f79532,Backdoor:Win32/Ecltys.A,6188,Win32.Backdoor.Ecltys,2132
50f35b7c86aede891a72fcb85f06b0b7,Trojan:Win32/Dynamer!dtc,48,Win32.Trojan.Dynamer,26
5100f0a34695c4c9dc7e915177041cad,Trojan:Win32/Connapts,6053,Win32.Trojan.Connapts,2083
51326bf40da5a5357a143dd9a6e6a11c,TrojanDownloader:Win32/Govdi.A,6789,Win32.TrojanDownloader.Govdi,2328
523cf1c9741f5f9d11388a58de6a83a4,Trojan:Win32/Connapts,6053,Win32.Trojan.Connapts,2083
523f56515221161579ee6090c962e5b1,Backdoor:Win32/Xifos.A,6227,Win32.Backdoor.Xifos,2147
53b263dd41838aa178a5ced338a207f3,TrojanDownloader:Win32/Dalbot.A,6448,Win32.TrojanDownloader.Dalbot,2220
543e03cc5872e9ed870b2d64363f518b,Backdoor:Win32/Stradatu,6005,Win32.Backdoor.Stradatu,2064
54d5d171a482278cc8eacf08d9175fd7,TrojanDownloader:Win32/Pingbed.A,6816,Win32.TrojanDownloader.Pingbed,2338
55886d571c2a57984ea9659b57e1c63a,Trojan:Win32/Sluegot.D,5992,Win32.Trojan.Sluegot,2057
55fb1409170c91740359d1d96364f17b,Backdoor:Win32/Likseput.A,6423,Win32.Backdoor.Likseput,2213
56de2854ef64d869b5df7af5e4effe3e,TrojanDownloader:Win32/Pingbed.A,6816,Win32.TrojanDownloader.Pingbed,2338
57326cd78a56d26e349bbd4bcc5b9fa2,Backdoor:Win32/Stradatu,6005,Win32.Backdoor.Stradatu,2064
575836ebb1b8849f04e994e9160370e4,Backdoor:Win32/Goolelo.A,7067,Win32.Backdoor.Goolelo,2408
57e79f7df13c0cb01910d0c688fcd296,Backdoor:Win32/Likseput.B,6458,Win32.Backdoor.Likseput,2213
57f98d16ac439a11012860f88db21831,TrojanDownloader:Win32/Govdi.A,6789,Win32.TrojanDownloader.Govdi,2328
5a728cb9ce56763dccb32b5298d0f050,Trojan:Win32/Connapts,6053,Win32.Trojan.Connapts,2083
5aeaa53340a281074fcb539967438e3f,Backdoor:Win32/Likseput.B,6458,Win32.Backdoor.Likseput,2213
5bcaa2f4bc7567f6ffd5507a161e221a,TrojanDownloader:Win32/Tosct.B,7123,Win32.TrojanDownloader.Tosct,2421
5bd5a22d42c04db7ac1343a2a9f471fe,Backdoor:Win32/Stradatu,6005,Win32.Backdoor.Stradatu,2064
5c4806b5859b35a3df03763e9c7ecbf6,HackTool:Win32/Elsashes.A,6536,Win32.HackTool.Elsashes,2251
5c6f30cc369cd164d44941d381e282cc,Trojan:Win32/Sluegot.A,6017,Win32.Trojan.Sluegot,2057
5d8129be965fab8115eca34fc84bd7f0,Backdoor:Win32/Bitsto.A,6338,Win32.Backdoor.Bitsto,2178
5e42780f52763c77d592044e535e4b01,Backdoor:Win32/Likseput.B,6458,Win32.Backdoor.Likseput,2213
5ff3269faca4a67d1a4c537154aaad4b,TrojanDownloader:Win32/Dalbot.A,6448,Win32.TrojanDownloader.Dalbot,2220
605c1dc91a5c85024160ce78dfac842d,Backdoor:Win32/Sharat.gen!A,6190,Win32.Backdoor.Sharat,2134
6377ec0c87f4ec1e7897751dd85d73d4,OK,0,unknown,0
649d54bc9eef5a60a4b9d8b889fee139,Trojan:Win32/Dynamer!dtc,48,Win32.Trojan.Dynamer,26
65018cd542145a3792ba09985734c12a,Backdoor:Win32/Neporoot.A,6452,Win32.Backdoor.Neporoot,2221
650a6fca433ee243391e4b4c11f09438,Backdoor:Win32/Neporoot.A,6452,Win32.Backdoor.Neporoot,2221
6570163cd34454b3d1476c134d44b9d9,Backdoor:Win32/Likseput.B,6458,Win32.Backdoor.Likseput,2213
6576c196385407b0f7f4b1b537d88983,Backdoor:Win32/Neporoot.A,6452,Win32.Backdoor.Neporoot,2221
67504a0c2c2bf47efccdab5ca981ad7d,HackTool:Win32/Mikatz!dha,5001,Win32.HackTool.Mikatz,1776
6808ec6dbb23f0fa7637c108f44c5c80,Backdoor:Win32/Noobot.A,6160,Win32.Backdoor.Noobot,2118
689dcd40d5eae8c0d315265f3d90ffae,Trojan:Win32/Connapts,6053,Win32.Trojan.Connapts,2083
6a4fbcfb44717eae2145c761c1c99b6a,Win.Trojan.Agent-30723,7274,Win.Trojan.Agent,41
6b3d19cc86d82b06f5db3ae9d5ba8a5f,Trojan:Win32/Connapts,6053,Win32.Trojan.Connapts,2083
6bf8f1f99ac5bba0db1b66518df378a4,TrojanDownloader:Win32/Coswid.A,7293,Win32.TrojanDownloader.Coswid,2468
6d2320af561b2315c1241e3efd86067f,Backdoor:Win32/Likseput.B,6458,Win32.Backdoor.Likseput,2213
6e442c5ef460bee4c9457c6bf7a132d6,Trojan:Win32/Connapts,6053,Win32.Trojan.Connapts,2083
6e8f302794cfaae731840e345063e652,Trojan:Win32/Tapslix.A,7310,Win32.Trojan.Tapslix,2474
6ebd05a02459d3b22a9d4a79b8626bf1,Trojan:Win32/Meredrop,2262,Win32.Trojan.Meredrop,948
6f9992c486195edcf0bf2f6ee6c3ec74,Trojan:Win32/Godin.A,7315,Win32.Trojan.Godin,2478
6faa4740f99408d4d2dddd0b09bbdefd,Backdoor:Win32/Neporoot.A,6452,Win32.Backdoor.Neporoot,2221
6fbf667e82c1477c4ce635b57b83bfa0,Trojan:Win32/Sisproc!gmb,410,Win32.Trojan.Sisproc,248
70a55fdc712c6e31e013e6b5d412b0d6,Trojan:Win32/Connapts,6053,Win32.Trojan.Connapts,2083
727a6800991eead454e53e8af164a99c,Backdoor:Win32/Touasper.B,6887,Win32.Backdoor.Touasper,2218
7388d67561d0a7989202ad4d37eff24f,Backdoor:Win32/Likseput.B,6458,Win32.Backdoor.Likseput,2213
73d125f84503bd87f8142cf2ba8ab05e,Backdoor:Win32/Goolelo.A,7067,Win32.Backdoor.Goolelo,2408
75dad1ccabae8adeb5bae899d0c630f8,TrojanDownloader:Win32/Pingbed.A,6816,Win32.TrojanDownloader.Pingbed,2338
769aeae232c6162cedcb6c7255640c4c,Trojan:Win32/Tosct.A,7393,Win32.Trojan.Tosct,2498
7704ad9e8e0e3d75075e4c294f698d53,Trojan:Win32/Connapts,6053,Win32.Trojan.Connapts,2083
7712d05c8b499fc7a1f4a6a6b6dee825,Trojan:Win32/Connapts,6053,Win32.Trojan.Connapts,2083
77fbfed235d6062212a3e43211a5706e,Backdoor:Win32/Miniasroot.A,7410,Win32.Backdoor.Miniasroot,2506
785003a405bc7a4ebcbb21ddb757bf3f,Backdoor:Win32/Neporoot.A,6452,Win32.Backdoor.Neporoot,2221
7a670d13d4d014169c4080328b8feb86,Trojan:Win32/Sluegot.A,6017,Win32.Trojan.Sluegot,2057
7a7a46e8fbc25a624d58e897dee04ffa,Trojan:Win32/Comame!gmb,1855,Win32.Trojan.Comame,819
7acb0d1df51706536f33bbdb990041d3,Trojan:Win32/Barkiofork!dha,6730,Win32.Trojan.Barkiofork,2309
7aecb34616245eb6b2906358151be55b,Backdoor:Win32/Tartober.A,6217,Win32.Backdoor.Tartober,2141
7b42b35832855ab4ff37ae9b8fa9e571,Backdoor:Win32/Neunut.A,7438,Win32.Backdoor.Neunut,2515
7cb055ac3acbf53e07e20b65ec9126a1,TrojanDownloader:Win32/Macup.A,7168,Win32.TrojanDownloader.Macup,2432
7d3140bd028f70f1fa865364b69c5999,TrojanDownloader:Win32/Small.XR,6839,Win32.TrojanDownloader.Small,241
7f1a4bc267ace340a5aa7a0b79cbf349,Backdoor:Win32/Tartober.A,6217,Win32.Backdoor.Tartober,2141
80856bd8ef7d5dbc3dc774f581855549,HackTool:Win32/SamDump,7486,Win32.HackTool.SamDump,2526
81b03cbcfc4b9d090cd8f5e5da816895,Backdoor:Win32/Miniasroot.A,7410,Win32.Backdoor.Miniasroot,2506
827040a5f5ae8de281a63899224b2f3a,HackTool:Win32/Mikatz!dha,5001,Win32.HackTool.Mikatz,1776
830a748959bdd1ad3b6a1f72aab6f063,Trojan:Win32/Connapts,6053,Win32.Trojan.Connapts,2083
831a67dc75e2d4505180888747bc8ea9,HackTool:Win32/Hashenfill.A,7498,Win32.HackTool.Hashenfill,2530
8442ae37b91f279a9f06de4c60b286a3,Backdoor:Win32/Neporoot.A,6452,Win32.Backdoor.Neporoot,2221
8462a62f13f92c34e4b89a7d13a185ad,TrojanDownloader:Win32/Pingbed.C,7502,Win32.TrojanDownloader.Pingbed,2338
871cc547feb9dbec0285321068e392b8,Backdoor:Win32/Likseput.B,6458,Win32.Backdoor.Likseput,2213
88c7c50cd4130561d57a1d3b82c5b953,Backdoor:Win32/Neunut.A,7438,Win32.Backdoor.Neunut,2515
88dbcc682635b4013bcba5ad28bb976b,Trojan:Win32/Maptsc.A,7523,Win32.Trojan.Maptsc,2536
8934aeed5d213fe29e858eee616a6ec7,Backdoor:Win32/Ecltys.A,6188,Win32.Backdoor.Ecltys,2132
8a86df3d382bfd1e4c4165f4cacfdff8,Trojan:Win32/Sluegot.C,5993,Win32.Trojan.Sluegot,2057
8b75bcbff174c25a0161f30758509a44,Backdoor:Win32/Neporoot.A,6452,Win32.Backdoor.Neporoot,2221
8e8622c393d7e832d39e620ead5d3b49,Backdoor:Win32/Touasper.A,6443,Win32.Backdoor.Touasper,2218
929802a27737cebc59d19da724fdf30a,Backdoor:Win32/Tartober.A,6217,Win32.Backdoor.Tartober,2141
933b11bc4799f8d9f65466fb2e3ea659,Backdoor:Win32/Jepesroot.A,6047,Win32.Backdoor.Jepesroot,2081
94a59ce0fadf84f6efa10fe7d5ee3a03,PWS:Win32/Maptsc.A,7592,Win32.PWS.Maptsc,2555
95d85aa629a786bb67439a064c4349ec,Backdoor:Win32/Likseput.B,6458,Win32.Backdoor.Likseput,2213
95f25d3afc5370f5d9fd8e65c17d3599,Backdoor:Win32/Noobot.A,6160,Win32.Backdoor.Noobot,2118
9675827a495f4ba6a4efd4dd70932b7c,TrojanDownloader:Win32/Dalbot.A,6448,Win32.TrojanDownloader.Dalbot,2220
973f4a238d6d19bdc7b42977b07b9cef,Backdoor:Win32/Neunut.A,7438,Win32.Backdoor.Neunut,2515
98409dbf432419024dbf028c004344c1,Backdoor:Win32/Linsomroot.A,7598,Win32.Backdoor.Linsomroot,2557
989b797c2a63fbfc8e1c6e8a8ccd6204,Backdoor:Win32/Stradatu,6005,Win32.Backdoor.Stradatu,2064
99a39866a657a10949fcb6d634bb30d5,Backdoor:Win32/Neporoot.A,6452,Win32.Backdoor.Neporoot,2221
9e860622fee66074dfe81dcfcc40c4e2,Backdoor:Win32/Agent.RO,7627,Win32.Backdoor.Agent,221
9ea3c16194ce354c244c1b74c46cd92e,Backdoor:Win32/Neporoot.A,6452,Win32.Backdoor.Neporoot,2221
9f11bc08af048c5c3a110e567082fe0b,Backdoor:Win32/Tosct.A,6857,Win32.Backdoor.Tosct,2345
9fc3ed6c9b8056fbf155f79569ca7cb1,TrojanDownloader:Win32/Govdi.A,6789,Win32.TrojanDownloader.Govdi,2328
a241eec892637dec971bd925a40d3efb,Backdoor:Win32/Likseput.B,6458,Win32.Backdoor.Likseput,2213
a2534e9b7e4146368ea3245381830eb0,Trojan:Win32/Connapts,6053,Win32.Trojan.Connapts,2083
a2cd1189860b9ba214421aab86ecbc8a,TrojanDownloader:Win32/Namsoth.A,7647,Win32.TrojanDownloader.Namsoth,2189
a316d5aeca269ca865077e7fff356e7d,Backdoor:Win32/Neporoot.A,6452,Win32.Backdoor.Neporoot,2221
a38a367d6696ba90b2e778a5a4bf98fd,Backdoor:Win32/Goolelo.A,7067,Win32.Backdoor.Goolelo,2408
a40e20ff8b991308f508239625f275d8,TrojanDownloader:Win32/Goosta.A,7656,Win32.TrojanDownloader.Goosta,2574
a565682d8a13a5719977223e0d9c7aa4,Backdoor:Win32/Likseput.B,6458,Win32.Backdoor.Likseput,2213
a5b581c0600815b1112ca2fed578928b,TrojanDownloader:Win32/Govdi.A,6789,Win32.TrojanDownloader.Govdi,2328
a5d4ebc0285f0213e0c29d23bc410889,Backdoor:Win32/Noobot.A,6160,Win32.Backdoor.Noobot,2118
a639f598d4c0b9aa7a4691d05f27d977,Backdoor:Win32/Warood.B,6080,Win32.Backdoor.Warood,2090
a8b2ac446c614fd5d4880d95369deb3b,TrojanDownloader:Win32/Coswid.A,7293,Win32.TrojanDownloader.Coswid,2468
a8f259bb36e00d124963cfa9b86f502e,Trojan:Win32/Sluegot.A,6017,Win32.Trojan.Sluegot,2057
a99e06e2f90db4e506ef1347a8774dd5,Backdoor:Win32/Likseput.B,6458,Win32.Backdoor.Likseput,2213
aa4f1ecc4d25b33395196b5d51a06790,Trojan:Win32/Sluegot.A,6017,Win32.Trojan.Sluegot,2057
ab00b38179851c8aa3f9bc80ed7baa23,Trojan:Win32/Connapts,6053,Win32.Trojan.Connapts,2083
ab208f0b517ba9850f1551c9555b5313,Backdoor:Win32/Likseput.B,6458,Win32.Backdoor.Likseput,2213
ac87816b9a371e72512d8fd82f61c737,TrojanDownloader:Win32/Tooki.A,6359,Win32.TrojanDownloader.Tooki,2187
af2745e8888f2ba17a9cf2e0779d3874,Backdoor:Win32/Likseput.B,6458,Win32.Backdoor.Likseput,2213
af2f7b070245c90bd2a0a0845314173a,Backdoor:Win32/Warood.B,6080,Win32.Backdoor.Warood,2090
af719814507fdca4b96184f33b6b92ea,HackTool:Win64/Mikatz!dha,7728,Win64.HackTool.Mikatz,2590
b07322743778b5868475dbe66eedac4f,Backdoor:Win32/Neporoot.A,6452,Win32.Backdoor.Neporoot,2221
b3848edbabfbce246a9faf5466e743bf,Trojan:Win32/Orsam!rts,161,Win32.Trojan.Orsam,121
b3bc979d8de3be09728c5de1a0297c4b,Backdoor:Win32/Likseput.B,6458,Win32.Backdoor.Likseput,2213
b5e9ce72771217680efaeecfafe3da3f,Backdoor:Win32/Likseput.A,6423,Win32.Backdoor.Likseput,2213
b74022a7b9b63fdc541ae0848b28a962,Backdoor:Win32/Neunut.A,7438,Win32.Backdoor.Neunut,2515
b8277cce81e0a372bc35d33a0c9483c2,Backdoor:Win32/Warood.B,6080,Win32.Backdoor.Warood,2090
b8f61242e28f2edf6cb1be8781438491,Backdoor:Win32/Likseput.B,6458,Win32.Backdoor.Likseput,2213
ba0c4d3dbf07d407211b5828405a9b91,Backdoor:Win32/Likseput.A,6423,Win32.Backdoor.Likseput,2213
baabd9b76bff84ed27fd432cfc6df241,Backdoor:Win32/Warood.B,6080,Win32.Backdoor.Warood,2090
bac2e89bd92ce23e1e93a63d26dea01a,Trojan:Win32/Bumat!rts,834,Win32.Trojan.Bumat,446
bc723e4f93a3bf85f4d1e1910393d1a3,Trojan:Win32/Dynamer!dtc,48,Win32.Trojan.Dynamer,26
bcb087f69792b69494a3edad51a842bb,TrojanDownloader:Win32/Govdi.A,6789,Win32.TrojanDownloader.Govdi,2328
bcbdef1678049378be04719ed29078d2,Backdoor:Win32/Agent.RO,7627,Win32.Backdoor.Agent,221
bd8b082b7711bc980252f988bb0ca936,Trojan:Win32/Connapts,6053,Win32.Trojan.Connapts,2083
bdd2ad4c0e1e5667d117810ae9e36c4b,Backdoor:Win32/Tosct.A,6857,Win32.Backdoor.Tosct,2345
bf0ee4367ea32f8e3b911c304258e439,Backdoor:Win32/Tosct.A,6857,Win32.Backdoor.Tosct,2345
bf80dbf969b73790253f683cd723fd71,Trojan:Win32/Connapts,6053,Win32.Trojan.Connapts,2083
c0134285a276ab933e2a2b9b33b103cd,TrojanDownloader:Win32/Agent.PM,7788,Win32.TrojanDownloader.Agent,336
c044715c2626ab515f6c85a21c47c7dd,Backdoor:Win32/Likseput.B,6458,Win32.Backdoor.Likseput,2213
c04c796ef126ad7429be7d55720fe392,Backdoor:Win32/Tartober.A,6217,Win32.Backdoor.Tartober,2141
c0a33a1b472a8c16123fd696a5ce5ebb,Backdoor:Win32/Neporoot.A,6452,Win32.Backdoor.Neporoot,2221
c110f08399c5dca64d7dc4539eb82083,Trojan:Win32/Connapts,6053,Win32.Trojan.Connapts,2083
c1bd23ece59e36143d80f7eec0e38c52,Trojan:Win32/Connapts,6053,Win32.Trojan.Connapts,2083
c39e272e9ea15d61e0c8e6b749a1ad46,Trojan:Win32/Connapts,6053,Win32.Trojan.Connapts,2083
c3e5603a38e700274d1ab30ce93d08b9,TrojanDownloader:Win32/Ahrocam.B,7822,Win32.TrojanDownloader.Ahrocam,2613
c41e44045cebebfba234063de8fd7c4d,Backdoor:Win32/Likseput.B,6458,Win32.Backdoor.Likseput,2213
c4c638750526e28f68d6d71fd1266bdf,Backdoor:Win32/Neunut.A,7438,Win32.Backdoor.Neunut,2515
c6a4bb1a4e4f69ec71855d70d6960859,Trojan:Win32/Connapts,6053,Win32.Trojan.Connapts,2083
c9172b3e83c782bc930c06b628f31fa5,Backdoor:Win32/Neunut.A,7438,Win32.Backdoor.Neunut,2515
c91eacab7655870764d13ba741aa9a73,Backdoor:Win32/Noobot.A,6160,Win32.Backdoor.Noobot,2118
c99fa835350aa9e2427ce69323b061a9,Backdoor:Win32/Minaps.A,6308,Win32.Backdoor.Minaps,2168
ca327bc83fbe38b3689cd1a5505dfc33,Backdoor:Win32/Ecltys.A,6188,Win32.Backdoor.Ecltys,2132
ca6fe7a1315af5afeac2961460a80569,Backdoor:Win32/Neporoot.A,6452,Win32.Backdoor.Neporoot,2221
cc3a9a7b026bfe0e55ff219fd6aa7d94,Trojan:Win32/Sluegot.A,6017,Win32.Trojan.Sluegot,2057
cf038194f0fe222f31ec24cb80941bb1,PWS:Win32/Cimuz.B.dll,7913,Win32.PWS.Cimuz,62
cf9c2d5a8fbdd1c5adc20cfc5e663c21,Backdoor:Win32/Tartober.A,6217,Win32.Backdoor.Tartober,2141
d0d5a20c5a6c4fddab4d43b85632b6a9,Backdoor:Win32/Tartober.A,6217,Win32.Backdoor.Tartober,2141
d16947b200afa74a917f055597b772c0,Trojan:Win32/Sluegot.A,6017,Win32.Trojan.Sluegot,2057
d22863c5e6f098a4b52688b021beef0a,TrojanDownloader:Win32/Small.XR,6839,Win32.TrojanDownloader.Small,241
d262cb8267beb0e218f6d11d6af9052e,Trojan:Win32/Danginex,631,Win32.Trojan.Danginex,359
d271ae0f4e9230af3b61eafe7f671fde,Backdoor:Win32/Xifos.A,6227,Win32.Backdoor.Xifos,2147
d2f1be7e10ed39aa8bc0f7f671d824d2,Trojan:Win32/Meredrop,2262,Win32.Trojan.Meredrop,948
d34e357461c55d90c52309c1ff952b4c,Backdoor:Win32/Tartober.A,6217,Win32.Backdoor.Tartober,2141
d4ba6430996fb4021241efc97c607504,HackTool:Win64/Mikatz,7955,Win64.HackTool.Mikatz,2590
d4c7f1f80883412f9796f1270accff50,TrojanDownloader:Win32/Namsoth.A,7647,Win32.TrojanDownloader.Namsoth,2189
d62cd4ad2a919b6acfa6d49d446dffdb,TrojanDownloader:Win32/Coswid.A,7293,Win32.TrojanDownloader.Coswid,2468
d7796209412da17b2ee2ccf2309b4abf,Trojan:Win32/Barkiofork.A,7980,Win32.Trojan.Barkiofork,2309
d7aa32b7465f55c368230bb52d52d885,Trojan:Win32/Comroki!gmb,7983,Win32.Trojan.Comroki,2654
d8238e950608e5aba3d3e9e83e9ee2cc,TrojanDownloader:Win32/Dalbot.A,6448,Win32.TrojanDownloader.Dalbot,2220
d8b7b276710127d233abcdb7313aac36,HackTool:Win64/Mikatz,7955,Win64.HackTool.Mikatz,2590
d9fbf759f527af373e34673dc3aca462,Backdoor:Win32/Neporoot.A,6452,Win32.Backdoor.Neporoot,2221
da383cc098a5ea8fbb87643611e4bfb6,Trojan:Win32/Connapts,6053,Win32.Trojan.Connapts,2083
da6b0ee7ec735029d1ff4fa863a71de8,Trojan:Win32/Connapts,6053,Win32.Trojan.Connapts,2083
db05df0498b59b42a8e493cf3c10c578,Trojan:Win32/Connapts,6053,Win32.Trojan.Connapts,2083
db2580f5675f04716481b24bb7af468e,Backdoor:Win32/Stradatu,6005,Win32.Backdoor.Stradatu,2064
db50416d9e67f4982e89e0ffb0ade6f3,TrojanDownloader:Win32/Govdi.A,6789,Win32.TrojanDownloader.Govdi,2328
dd21d1ea2146861a4219b1cbdaefe59b,Backdoor:Win32/Tartober.A,6217,Win32.Backdoor.Tartober,2141
ddf3db31f9fa21cd43ff19dde393aba8,Trojan:Win32/Barkiofork.A,7980,Win32.Trojan.Barkiofork,2309
e1b6940985a23e5639450f8391820655,Backdoor:Win32/Linsomroot.A,7598,Win32.Backdoor.Linsomroot,2557
e476e4a24f8b4ff4c8a0b260aa35fc9f,Backdoor:Win32/Minaps.A,6308,Win32.Backdoor.Minaps,2168
e480c8839e819eaa9b19d53acfa95052,TrojanProxy:Win32/Small,7054,Win32.TrojanProxy.Small,1239
e54ce5f0112c9fdfe86db17e85a5e2c5,Backdoor:Win32/Likseput.A,6423,Win32.Backdoor.Likseput,2213
e689b1fb0610b752f42adafc403fa49f,Backdoor:Win32/Tartober.A,6217,Win32.Backdoor.Tartober,2141
e83f60fb0e0396ea309faf0aed64e53f,Backdoor:Win32/Likseput.A,6423,Win32.Backdoor.Likseput,2213
ea1b44094ae4d8e2b63a1771a3e61fd5,Backdoor:Win32/Miniasroot.A,7410,Win32.Backdoor.Miniasroot,2506
ec3a2197ca6b63ee1454d99a6ae145ab,Trojan:Win32/Connapts,6053,Win32.Trojan.Connapts,2083
ec8aa67b05407c01094184c33d2b5a44,Backdoor:Win32/Neporoot.A,6452,Win32.Backdoor.Neporoot,2221
ec8c89aa5e521572c74e2dd02a4daf78,Backdoor:Win32/Neunut.A,7438,Win32.Backdoor.Neunut,2515
eef80511aa490b2168ed4c9fa5eafef0,Backdoor:Win32/Sharat.gen!A,6190,Win32.Backdoor.Sharat,2134
ef6c375e3e6930e2b50e1e97fe6fbcc9,Trojan:Win32/Connapts,6053,Win32.Trojan.Connapts,2083
ef8e0fb20e7228c7492ccdc59d87c690,Backdoor:Win32/Touasper.A,6443,Win32.Backdoor.Touasper,2218
f1e5d9bf7705b4dc5be0b8a90b73a863,TrojanDownloader:Win32/Small.XR,6839,Win32.TrojanDownloader.Small,241
f3611c5c793f521f7ff2a69c22d4174e,Backdoor:Win32/Stradatu,6005,Win32.Backdoor.Stradatu,2064
f4ed3b7a8a58453052db4b5be3707342,Backdoor:Win32/Likseput.B,6458,Win32.Backdoor.Likseput,2213
f627990bbe2ec5c48c180f724490c332,Backdoor:Win32/Neunut.A,7438,Win32.Backdoor.Neunut,2515
f6655e39465c2ff5b016980d918ea028,Backdoor:Win32/Neporoot.A,6452,Win32.Backdoor.Neporoot,2221
f7c63592ffb87b81ce45c89d207e9403,Backdoor:Win32/Pingbed.A,6218,Win32.Backdoor.Pingbed,2142
f7f85d7f628ce62d1d8f7b39d8940472,Trojan:Win32/Sluegot.A,6017,Win32.Trojan.Sluegot,2057
f802b6e448c054c9c16b97ff85646825,Trojan:Win32/Dynamer!dtc,48,Win32.Trojan.Dynamer,26
f8437e44748d2c3fcf84019766f4e6dc,Backdoor:Win32/Neporoot.A,6452,Win32.Backdoor.Neporoot,2221
fab6b0b33d59f393e142000f128a9652,Backdoor:Win32/Likseput.B,6458,Win32.Backdoor.Likseput,2213
fb671e6de6e301c892d2fdaa58f9cd9a,Backdoor:Win32/Sharat.gen!A,6190,Win32.Backdoor.Sharat,2134
fc1937c1aa536b3744ebdfb1716fd54d,Backdoor:Win32/Miniasroot.A,7410,Win32.Backdoor.Miniasroot,2506
fcdaa67e33357f64bc4ce7b57491fc53,Backdoor:Win32/Tartober.A,6217,Win32.Backdoor.Tartober,2141
fe8ff84a23feb673a59d8571575fee0b,Trojan:Win32/Connapts,6053,Win32.Trojan.Connapts,2083
